region,watershed,watershed_group_code,year,item,aggregated_crossings_id,stream_name,stream_name_02,stream_name_03,alias,project,published,name_source,notes
fraser,nechacko,FRAN,2024,199171_burnt_cabin_gala,199171,Burnt Cabin Creek,,,,,true,pscis,
fraser,nechacko,NECR,2024,199173_necr_trib_dog,199173,Tributary To Nechako River,,,,,true,pscis,
fraser,nechacko,NECR,2024,199174_necr_trib_dog_settlement,199174,Tributary To Nechako River,,,,,true,pscis,
fraser,nechacko,MORK,2024,199256_kenneth_hwy16,199256,Kenneth Creek,,,,,true,bcfishpass_gnis,
fraser,nechacko,LCHL,2024,chilako_mud1,,Chilako River,,,,,true,fwa_nearest_23m,
kootenay,elk,ELKR,2021,parker,,Parker Creek,,,,,true,fwa_nearest_98m,
kootenay,regent,,2025,20250616,,,,,,,false,,6-image test flight; excluded from catalog by decision 2026-07-29
kootenay,upper_arrow_lake,UARL,2024,arrow-whiskey-hadow,,Hadow Creek,,,,,true,fwa_nearest_97m,
mackenzie,carp,CRKD,2024,198692_kerry_lake_trib,198692,Tributary To Kerry Lake,,,,,true,pscis,
mackenzie,parsnip,PARS,2022,125000_parsnip_trib_arctic,125000,tributary to Parsnip River,,,,,true,pscis,
mackenzie,parsnip,PARS,2022,125179_missinka_trib,125179,Unnamed tributary to Missinka River,,,,,true,pscis,
mackenzie,parsnip,PARS,2023,125231_table_trib_tablefsr_21k,125231,Tributary to Table River,,,,,true,pscis,
mackenzie,parsnip,PARS,2023,125261_fern_tablefsr_2k,125261,Fern Creek,,,,,true,bcfishpass_gnis,
mackenzie,parsnip,PARS,2024,125231_table_trib_tablefsr_21k,125231,Tributary to Table River,,,,,true,pscis,
mackenzie,parsnip,PARS,2026,1996663_parsnip_trib_chco_11000,199663,Tributary to Parsnip River,,,moose,,true,guess_nearest_353m,dir name has an extra 6; id corrected from 1996663; working name 'moose'; verify in bcfishpass
mackenzie,peace_arm,PCEA,2026,16701333_carbon_trib_johnson_fsr,1016701333,Tributary to Carbon Creek,,,,,true,guess_nearest_709m,aggregated id computed from modelled id 16701333 (+1e9); verify in bcfishpass
mackenzie,peace_arm,PCEA,2026,16701523_table_ck_table_fsr,1016701523,Table Creek,,,,,true,fwa_nearest_52m,aggregated id computed from modelled id 16701523 (+1e9); verify in bcfishpass
mackenzie,pine,PINE,2026,6971_pine_oxbox_hwy97S,6971,Pine River,,,,,true,bcfishpass_gnis,
mackenzie,upper_peace,UPCE,2026,23502870_track_ck_johnson_fsr,1023502870,Track Creek,,,,,true,user,aggregated id computed from modelled id 23502870 (+1e9); verify in bcfishpass
skeena,babine,BABL,2022,198283_cross,198283,Cross Creek,,,,,true,fwa_nearest_86m,id not found in bcfishpass.crossings; name from spatial
skeena,bulkley,BULK,2020,195288_gibson_snider,195288,Gibson Creek,,,,,true,bcfishpass_gnis,
skeena,bulkley,BULK,2020,195290_gibson_hwy16,195290,Gibson Creek,,,,,true,bcfishpass_gnis,
skeena,bulkley,MORR,2020,197360_riddeck_moriceowenfsr,197360,Riddeck Creek,,,,,true,bcfishpass_gnis,
skeena,bulkley,BULK,2021,124420_station_hwy16,124420,Station Creek,,,,,true,bcfishpass_gnis,
skeena,bulkley,BULK,2021,197662_richfield_hwy16,197662,Richfield Creek,,,,,true,bcfishpass_gnis,
skeena,bulkley,BULK,2021,197912_roberthatch,197912,Robert Hatch Creek,,,,,true,bcfishpass_gnis,
skeena,bulkley,BULK,2022,198066_thompson_udder_view,198066,Thompson Creek,,,,,true,bcfishpass_gnis,
skeena,bulkley,BULK,2022,bulkley_dickson_BR1-2021_BR2-2021,,Tributary to Richfield Creek,,,,,true,guess_nearest_621m,
skeena,bulkley,BULK,2022,coffin_dam,,Coffin Creek,,,,,true,fwa_nearest_1m,
skeena,bulkley,BULK,2022,richfield_lower_RC3-2021,,Richfield Creek,,,,,true,fwa_nearest_52m,
skeena,bulkley,BULK,2022,richfield_sern_2022,,Richfield Creek,,,,,true,fwa_nearest_27m,
skeena,bulkley,BULK,2022,richfield_upper_RC1-2021,,Richfield Creek,,,,,true,fwa_nearest_52m,
skeena,bulkley,BULK,2023,123377_thompson_walcott,123377,Thompson Creek,,,,,true,bcfishpass_gnis,
skeena,bulkley,BULK,2023,124500_helps_lawson,124500,Helps Creek,,,,,true,bcfishpass_gnis,
skeena,bulkley,BULK,2024,124423_waterfall_cnrail,124423,Tributary to Waterfall Creek,,,,,true,pscis,
skeena,bulkley,BULK,2024,195943_stock_barren_station,195943,Stock Creek,,,,,true,bcfishpass_gnis,
skeena,bulkley,BULK,2024,bulkley-byman-richfield,,Bulkley River,Byman Creek,Richfield Creek,,,true,bulkley-rule+fwa_spelling,
skeena,bulkley,BULK,2024,bulkley-groot05,,Bulkley River,Groot05 Creek,,,,true,bulkley-rule+fwa_spelling,
skeena,bulkley,BULK,2024,bulkley-mckilligan-barren,,Bulkley River,McKilligan Creek,Barren Creek,,,true,bulkley-rule+fwa_spelling,
skeena,bulkley,BULK,2024,bulkley-mckilligan-rd-upper,,Bulkley River,McKilligan Creek,Rd Creek,,,true,bulkley-rule+fwa_spelling,
skeena,bulkley,BULK,2024,bulkley-wilson01,,Bulkley River,Wilson01 Creek,,,,true,bulkley-rule+fwa_spelling,
skeena,bulkley,BULK,2025,124421_waterfall_11th,124421,Tributary to Waterfall Creek,,,,,true,pscis,
skeena,bulkley,BULK,2025,197640_buck_buc192,197640,Tributary to Buck Creek,,,,,true,pscis,
skeena,bulkley,BULK,2025,58264_simpson_nielson,58264,Simpson Creek,,,,,true,bcfishpass_gnis,
skeena,bulkley,BULK,2025,buck_bob_buc78,,Buck Creek,,,,,true,fwa_nearest_56m,
skeena,bulkley,BULK,2025,buck_bridge1_buc87,,Buck Creek,,,,,true,fwa_nearest_6m,
skeena,bulkley,BULK,2025,buck_bridge1_buc87b,,Buck Creek,,,,,true,fwa_nearest_77m,
skeena,bulkley,BULK,2025,buck_buc172,,Buck Creek,,,,,true,fwa_nearest_3m,
skeena,bulkley,BULK,2025,buck_buc207,,Buck Creek,,,,,true,fwa_nearest_6m,
skeena,bulkley,BULK,2025,buck_buc64,,Buck Creek,,,,,true,fwa_nearest_14m,
skeena,bulkley,BULK,2025,buck_buc7,,Buck Creek,,,,,true,fwa_nearest_4m,
skeena,bulkley,BULK,2025,buck_bulkley_buc7,,Buck Creek,,,,,true,fwa_nearest_4m,
skeena,bulkley,BULK,2025,bulkley_br5,,Bulkley River,,,,,true,fwa_nearest_4m,
skeena,bulkley,BULK,2025,bulkley_bul24,,Bulkley River,,,,,true,fwa_nearest_95m,
skeena,bulkley,BULK,2025,bulkley_bul33,,Bulkley River,,,,,true,fwa_nearest_19m,
skeena,bulkley,BULK,2025,bulkley_bul38,,Bulkley River,,,,,true,fwa_nearest_27m,
skeena,bulkley,BULK,2025,maxan_foxy_confluence,,Maxan Creek,,,,,true,fwa_nearest_7m,
skeena,bulkley,BULK,2025,maxan_mx1,,Maxan Creek,,,,,true,fwa_nearest_42m,
skeena,bulkley,BULK,2025,maxan_mx2,,Maxan Creek,,,,,true,fwa_nearest_58m,
skeena,bulkley,BULK,2025,maxan_reserve5,,Tributary to Maxan Creek,,,,,true,guess_nearest_122m,
skeena,kispiox,KISP,2022,198216_glenvowell_kispioxvalleyrd,198216,Tributary to Skeena River,,,,,true,pscis,
skeena,morice,MORR,2021,197370_owen_moricewfsr,197370,Owen Creek,,,,,true,pscis,
skeena,morice,MORR,2021,198000_mcbride_nanikafsr,198000,McBride Creek,,,,,true,bcfishpass_gnis,
skeena,morice,MORR,2021,198062_moricetrib_moricewfsr,198062,Tributary to Morice River,,,,,true,pscis,
skeena,morice,MORR,2023,197949_tagit_trib,197949,Tributary to Tagit Creek,,,,,true,pscis,
skeena,morice,MORR,2023,198022_tagit_trib,198022,Tributary to Tagit Creek,,,,,true,pscis,
skeena,morice,MORR,2023,198934_houston_tommy_trib,198934,Tributary to Houston Tommy Creek,,,,,true,pscis,
skeena,morice,MORR,2023,198935_knapper_trib,198935,Tributary to Knapper Creek,,,,,true,pscis,
skeena,morice,MORR,2023,198936_morice_trib,198936,Tributary to Morice River,,,,,true,pscis,
skeena,morice,MORR,2023,198940_knapper_trib,198940,Tributary to Knapper Creek,,,,,true,pscis,
skeena,morice,MORR,2023,198942_houston_tommy_trib,198942,Tributary to Houston Tommy Creek,,,,,true,pscis,
skeena,morice,MORR,2025,197962_peacock_morice,197962,Peacock Creek,,,,,true,bcfishpass_gnis,dir name suggests Morice River confluence - add stream_name_02 if in frame
skeena,morice,MORR,2026,wedzin_braid_001,,Tributary to Morice River,,,,,true,guess_nearest_216m,
skeena,morice,MORR,2026,wedzin_canyon_km25,,Tributary to Morice River,,,,,true,guess_nearest_224m,
skeena,morice,MORR,2026,wedzin_cedric,,Tributary to Morice River,,,,,true,guess_nearest_201m,
skeena,morice,MORR,2026,wedzin_lwd001,,Tributary to Morice River,,,,,true,guess_nearest_106m,
skeena,zymoetz,ZYMO,2023,8478_mcdonell_trib,8478,Copper,,,,,true,pscis,
skeena,zymoetz,ZYMO,2023,8525_coal_trib,8525,Copper,,,,,true,pscis,
skeena,zymoetz,ZYMO,2024,8530_sandstone_mcdonell,8530,Sandstone Creek,,,,,true,bcfishpass_gnis,
